<products>
    <product>
        <id>11</id>
        <name> Samsung </name>
        <unit_price> 35000 </unit_price>
        <stock>50</stock>
        <status>1</status>
    </Product>
    <Product>
        <id>20</id>
        <name> HTC </name>
        <unit_price> 65300 </unit_price>
        <stock>35</stock>
        <status>0</status>
    </Product>
    <Product>
        <id>23</id>
        <name> Nokia </name>
        <unit_price> 25100 </unit_price>
        <stock>100</stock>
        <status>1</status>
    </product>
</products>